timeStep,d1,v1,d2,v2,d3,v3,d4,v4,d5,v5
0,0,0,0,0,0,0,0,0,0,0
20,0.347222,0.0253106,0.578704,-0.0626215,0.578704,-0.330271,0.577778,-0.135999,0.232407,-0.165731
