timeStep,d1,v1,d2,v2,d3,v3,d4,v4,d5,v5
0,0,0,0,0,0,0,0,0,0,0
20,0.324537,0.0428124,0.581944,-0.0466533,0.587037,-0.304951,0.572222,-0.192807,0.249074,-0.103235
