timeStep,d1,v1,d2,v2,d3,v3,d4,v4,d5,v5
0,0,0,0,0,0,0,0,0,0,0
20,0.326852,-0.395317,0.577778,-0.100323,0.580093,-0.0107589,0.583333,-0.24756,0.246759,-0.157414
